{
	"_comment":"Using radiant information from IMO http://www.imo.net/calendar/2012#table6",
	"showers":{
		"QUA" : {"name":"Quadrantids","date":[[12,30],[1,10]],"pos":[[228,50],[234,48]] },
		"DLM" : {"name":"December Leonis Minorids","date":[[12,5],[2,5]],"pos":[[149,37],[234,48]] },
		"ACE" : {"name":"&alpha;-Centaurids","date":[[1,28],[2,21]],"pos":[[200,-57],[225,-63]]},
		"GNO" : {"name":"&gamma;-Normids","date":[[2,25],[3,22]],"pos":[[225,-51],[245,-49]]},
		"LYR" : {"name":"Lyrids","date":[[4,16],[4,25]],"pos":[[263,34],[269,34]]},
		"PPU" : {"name":"&pi;-Puppids","date":[[4,15],[4,28]],"pos":[[106,-44],[111,-45]]},
		"ETA" : {"name":"&eta;-Aquariids","date":[[4,19],[5,28]],"pos":[[323,-7],[353,7]]},
		"ELY" : {"name":"&eta;-Lyrids","date":[[5,3],[5,14]],"pos":[[283,44],[293,45]]},
		"JBO" : {"name":"June Bootids","date":[[6,22],[7,2]],"pos":[[223,48],[225,47]]},
		"CAP" : {"name":"&alpha;-Capricornids","date":[[7,3],[8,15]],"pos":[[285,-16],[318,-6]]},
		"SDA" : {"name":"South &delta;-Aquariids","date":[[7,12],[8,23]],"pos":[[325,-19],[356,-11]]},
		"PER" : {"name":"Perseids","date":[[7,17],[8,24]],"pos":[[6,50],[63,58]]},
		"PAU" : {"name":"Piscis Austrinids","date":[[7,15],[8,10]],"pos":[[330,-34],[352,-26]]},
		"KCG" : {"name":"&kappa;-Cygnids","date":[[8,3],[8,25]],"pos":[[283,58],[289,60]]},
		"AUR" : {"name":"&alpha;-Aurigids","date":[[8,28],[9,5]],"pos":[[85,40],[102,38]]},
		"SPE" : {"name":"September ε-Perseids","date":[[9,5],[9,21]],"pos":[[43,40],[59,41]]},
		"STA" : {"name":"Southern Taurids","date":[[9,10],[11,20]],"pos":[[12,3],[64,16]]},
		"ORI" : {"name":"Orionids","date":[[10,2],[11,7]],"pos":[[85,14],[105,17]]},
		"DAU" : {"name":"&delta;-Aurigids","date":[[10,10],[10,18]],"pos":[[82,45],[92,41]]},
		"DRA" : {"name":"Draconids","date":[[10,6],[10,10]],"pos":[[262,54],[262,54]]},
		"EGE" : {"name":"&epsilon;-Geminids","date":[[10,14],[10,27]],"pos":[[99,27],[109,27]]},
		"LMI" : {"name":"Leo Minorids","date":[[10,19],[10,27]],"pos":[[158,39],[168,35]]},
		"NTA" : {"name":"Northern Taurids","date":[[10,20],[12,10]],"pos":[[38,18],[74,24]]},
		"LEO" : {"name":"Leonids","date":[[11,6],[11,30]],"pos":[[147,24],[159,19]]},
		"AMO" : {"name":"&alpha;-Monocerotids","date":[[11,15],[11,25]],"pos":[[117,1],[117,1]]},
		"PHO" : {"name":"Phoenicids","date":[[11,28],[12,9]],"pos":[[14,-52],[22,-53]]},
		"PUP" : {"name":"Puppid/Velids","date":[[12,1],[12,15]],"pos":[[120,-45],[128,-45]]},
		"MON" : {"name":"Monocerotids","date":[[11,27],[12,17]],"pos":[[100,8],[100,8]]},
		"GEM" : {"name":"Geminids","date":[[12,7],[12,17]],"pos":[[103,33],[118,32]]},
		"HYD" : {"name":"&sigma;-Hydrids","date":[[12,3],[12,15]],"pos":[[122,3],[130,1]]},
		"COM" : {"name":"Comae Berenicids","date":[[12,12],[12,23]],"pos":[[174,19],[180,16]]},
		"URS" : {"name":"Ursids","date":[[12,17],[12,26]],"pos":[[217,76],[217,74]]}
	}
}